,Country,Code,Year,Gini coefficient
0,Albania,ALB,2002,0.3173897983352209
1,Albania,ALB,2005,0.3059565572811916
2,Albania,ALB,2008,0.2998467042234796
3,Albania,ALB,2012,0.2896048455859209
4,Albania,ALB,2014,0.3459889646678993
5,Albania,ALB,2015,0.3275373177638622
6,Albania,ALB,2016,0.3373629871613542
7,Albania,ALB,2017,0.330556627406811
8,Albania,ALB,2018,0.3014828173658325
9,Albania,ALB,2019,0.3077173903513968
10,Algeria,DZA,2011,0.2761573091623685
11,Angola,AGO,2000,0.5195689249112876
12,Angola,AGO,2008,0.427155149878257
13,Angola,AGO,2018,0.5127211119824917
14,Argentina - urban,,2000,0.5106395767594252
15,Argentina - urban,,2001,0.5334310600620975
16,Argentina - urban,,2002,0.537937583377964
17,Argentina - urban,,2003,0.5089715698379785
18,Argentina - urban,,2004,0.4837703458741335
19,Argentina - urban,,2005,0.4770735509214674
20,Argentina - urban,,2006,0.4634607996716354
21,Argentina - urban,,2007,0.4617355631333476
22,Argentina - urban,,2008,0.4487679026711823
23,Argentina - urban,,2009,0.4365419704989163
24,Argentina - urban,,2010,0.4358321825728346
25,Argentina - urban,,2011,0.4264528063979222
26,Argentina - urban,,2012,0.4132619793924651
27,Argentina - urban,,2013,0.4094544219759074
28,Argentina - urban,,2014,0.416327898548159
29,Argentina - urban,,2016,0.4203252890095214
30,Argentina - urban,,2017,0.4113448843872836
31,Argentina - urban,,2018,0.413424983747329
32,Argentina - urban,,2019,0.4290585043967284
33,Armenia,ARM,2001,0.3536435897259906
34,Armenia,ARM,2002,0.3477967434362492
35,Armenia,ARM,2003,0.3302808687042926
36,Armenia,ARM,2004,0.3750563253607404
37,Armenia,ARM,2005,0.3599235344377731
38,Armenia,ARM,2006,0.2970998476614349
39,Armenia,ARM,2007,0.312260582589433
40,Armenia,ARM,2008,0.2918814172710552
41,Armenia,ARM,2009,0.2801587740164225
42,Armenia,ARM,2010,0.299925823432341
43,Armenia,ARM,2011,0.2935294582000862
44,Armenia,ARM,2012,0.2960226142586566
45,Armenia,ARM,2013,0.3057966315233129
46,Armenia,ARM,2014,0.3148329065365822
47,Armenia,ARM,2015,0.3235677179616022
48,Armenia,ARM,2016,0.3254794835583837
49,Armenia,ARM,2017,0.3362183736332037
50,Armenia,ARM,2018,0.344334976829172
51,Armenia,ARM,2019,0.2987820712565888
52,Australia,AUS,2001,0.3346479770968015
53,Australia,AUS,2003,0.3350051608424517
54,Australia,AUS,2004,0.3305740947224962
55,Australia,AUS,2008,0.3542850828048216
56,Australia,AUS,2010,0.3465672759564665
57,Australia,AUS,2014,0.3439943141661626
58,Australia,AUS,2016,0.3368581054524751
59,Australia,AUS,2018,0.3433376217623682
60,Austria,AUT,2000,0.2883710609371489
61,Austria,AUT,2003,0.2946607790346398
62,Austria,AUT,2004,0.2978898976629074
63,Austria,AUT,2005,0.2871543333233792
64,Austria,AUT,2006,0.2958758294195255
65,Austria,AUT,2007,0.3057999587867442
66,Austria,AUT,2008,0.3043738581765434
67,Austria,AUT,2009,0.3149623235037962
68,Austria,AUT,2010,0.3025226310416289
69,Austria,AUT,2011,0.3080166870334521
70,Austria,AUT,2012,0.304763178012628
71,Austria,AUT,2013,0.3075313313570372
72,Austria,AUT,2014,0.3053568278865011
73,Austria,AUT,2015,0.3053277503507726
74,Austria,AUT,2016,0.307970739973626
75,Austria,AUT,2017,0.2973758498114095
76,Austria,AUT,2018,0.3084879012966294
77,Austria,AUT,2019,0.3021155153853716
78,Azerbaijan,AZE,2001,0.3645493642463829
79,Azerbaijan,AZE,2002,0.2527766621834779
80,Azerbaijan,AZE,2003,0.2683287793517457
81,Azerbaijan,AZE,2004,0.2662159251504221
82,Azerbaijan,AZE,2005,0.265549077050305
83,Bangladesh,BGD,2000,0.3340653087476158
84,Bangladesh,BGD,2005,0.3320129205904341
85,Bangladesh,BGD,2010,0.3213031938705021
86,Bangladesh,BGD,2016,0.3238527251961526
87,Belarus,BLR,2000,0.3116748363514919
88,Belarus,BLR,2001,0.3057672370556843
89,Belarus,BLR,2002,0.3033624417930313
90,Belarus,BLR,2003,0.2882101177698939
91,Belarus,BLR,2004,0.2647988507787863
92,Belarus,BLR,2005,0.2755341068654983
93,Belarus,BLR,2006,0.2827544297264509
94,Belarus,BLR,2007,0.2961237986760703
95,Belarus,BLR,2008,0.2782604460351255
96,Belarus,BLR,2009,0.2768930630243373
97,Belarus,BLR,2010,0.2856659975885772
98,Belarus,BLR,2011,0.2715255170539886
99,Belarus,BLR,2012,0.2652619902105472
100,Belarus,BLR,2013,0.2657505248326819
101,Belarus,BLR,2014,0.2717666682882775
102,Belarus,BLR,2015,0.2563322626514249
103,Belarus,BLR,2016,0.2530661617188905
104,Belarus,BLR,2017,0.2544457003919789
105,Belarus,BLR,2018,0.2524052540652808
106,Belarus,BLR,2019,0.2527784767977111
107,Belgium,BEL,2000,0.3313755887661159
108,Belgium,BEL,2003,0.2814394845169311
109,Belgium,BEL,2004,0.3054150296364574
110,Belgium,BEL,2005,0.2933732909515498
111,Belgium,BEL,2006,0.2805449638673233
112,Belgium,BEL,2007,0.2923797441243263
113,Belgium,BEL,2008,0.2837401139633488
114,Belgium,BEL,2009,0.2855135024075318
115,Belgium,BEL,2010,0.2837519115298117
116,Belgium,BEL,2011,0.2806069560163896
117,Belgium,BEL,2012,0.2749109493124051
118,Belgium,BEL,2013,0.2766920123064992
119,Belgium,BEL,2014,0.2813414586994205
120,Belgium,BEL,2015,0.2772946253185985
121,Belgium,BEL,2016,0.2758098191723336
122,Belgium,BEL,2017,0.2738796778815081
123,Belgium,BEL,2018,0.2721441373976798
124,Belgium,BEL,2019,0.2721980084354913
125,Benin,BEN,2003,0.3857819910305443
126,Benin,BEN,2011,0.4343970705610368
127,Benin,BEN,2015,0.4775591412230905
128,Benin,BEN,2018,0.3780860003086335
129,Bhutan,BTN,2003,0.4089800090868366
130,Bhutan,BTN,2007,0.3809077219456557
131,Bhutan,BTN,2012,0.3880932705628996
132,Bhutan,BTN,2017,0.3744140955485154
133,Bolivia,BOL,2000,0.6163991506614824
134,Bolivia,BOL,2001,0.5739879614117966
135,Bolivia,BOL,2002,0.5931103912547762
136,Bolivia,BOL,2004,0.5500987226006857
137,Bolivia,BOL,2005,0.5852793340914588
138,Bolivia,BOL,2006,0.5666768184457031
139,Bolivia,BOL,2007,0.5453706872224717
140,Bolivia,BOL,2008,0.508160807354603
141,Bolivia,BOL,2009,0.4922296266832038
142,Bolivia,BOL,2011,0.4608095144896355
143,Bolivia,BOL,2012,0.4658523184958173
144,Bolivia,BOL,2013,0.4759878919235726
145,Bolivia,BOL,2014,0.4783199117796004
146,Bolivia,BOL,2015,0.4673995306110917
147,Bolivia,BOL,2016,0.4525066112052854
148,Bolivia,BOL,2017,0.4461611392622339
149,Bolivia,BOL,2018,0.4257950487106837
150,Bolivia,BOL,2019,0.4164963645690076
151,Bosnia and Herzegovina,BIH,2001,0.299664484890372
152,Bosnia and Herzegovina,BIH,2004,0.3403749008490954
153,Bosnia and Herzegovina,BIH,2007,0.3306158652666362
154,Bosnia and Herzegovina,BIH,2011,0.3303018586994583
155,Botswana,BWA,2002,0.6473130798051522
156,Botswana,BWA,2009,0.6045904680106251
157,Botswana,BWA,2015,0.5332502673276545
158,Brazil,BRA,2001,0.5841332770786819
159,Brazil,BRA,2002,0.5811364312668059
160,Brazil,BRA,2003,0.5756279188014931
161,Brazil,BRA,2004,0.5647875163959137
162,Brazil,BRA,2005,0.5631629623740795
163,Brazil,BRA,2006,0.556473170728186
164,Brazil,BRA,2007,0.5492774433323879
165,Brazil,BRA,2008,0.5404328002326652
166,Brazil,BRA,2009,0.5368723364252355
167,Brazil,BRA,2011,0.5294759256736237
168,Brazil,BRA,2012,0.5343985273622276
169,Brazil,BRA,2013,0.5268654026021167
170,Brazil,BRA,2014,0.520331403149989
171,Brazil,BRA,2015,0.5193082873055708
172,Brazil,BRA,2016,0.533428448323977
173,Brazil,BRA,2017,0.5333405003578899
174,Brazil,BRA,2018,0.5387094736890694
175,Brazil,BRA,2019,0.5348577044340646
176,Bulgaria,BGR,2001,0.3268216141978437
177,Bulgaria,BGR,2003,0.289179043979763
178,Bulgaria,BGR,2006,0.3570257336395639
179,Bulgaria,BGR,2007,0.2813634140559075
180,Bulgaria,BGR,2008,0.3357312737273918
181,Bulgaria,BGR,2009,0.3382319878685361
182,Bulgaria,BGR,2010,0.3565357214346185
183,Bulgaria,BGR,2011,0.3427860770854689
184,Bulgaria,BGR,2012,0.360139230505351
185,Bulgaria,BGR,2013,0.3657364537318636
186,Bulgaria,BGR,2014,0.3741856838867721
187,Bulgaria,BGR,2015,0.3856734715099756
188,Bulgaria,BGR,2016,0.4059106371074086
189,Bulgaria,BGR,2017,0.4037904682486896
190,Bulgaria,BGR,2018,0.4128409897525427
191,Bulgaria,BGR,2019,0.402713839760816
192,Burkina Faso,BFA,2003,0.4325251140539696
193,Burkina Faso,BFA,2009,0.3976223641224575
194,Burkina Faso,BFA,2014,0.3530122754546735
195,Burkina Faso,BFA,2018,0.4734712783901176
196,Burundi,BDI,2006,0.3335986354923002
197,Burundi,BDI,2013,0.3862481871355873
198,Cameroon,CMR,2001,0.4213679409584061
199,Cameroon,CMR,2007,0.4282006291689512
200,Cameroon,CMR,2014,0.4664087375714327
201,Canada,CAN,2000,0.333439090614236
202,Canada,CAN,2004,0.337435608035605
203,Canada,CAN,2007,0.3384100789572701
204,Canada,CAN,2010,0.3359260336243562
205,Canada,CAN,2012,0.3353901078489351
206,Canada,CAN,2013,0.3379898215764887
207,Canada,CAN,2014,0.3315760596610752
208,Canada,CAN,2015,0.3374648246255683
209,Canada,CAN,2016,0.3270182369108442
210,Canada,CAN,2017,0.3330820627166965
211,Cape Verde,CPV,2001,0.5249630323032548
212,Cape Verde,CPV,2007,0.4718738891986336
213,Cape Verde,CPV,2015,0.4238108736078773
214,Central African Republic,CAF,2008,0.562366081794087
215,Chad,TCD,2003,0.3982457013478839
216,Chad,TCD,2011,0.4332121171502933
217,Chad,TCD,2018,0.3749915445789922
218,Chile,CHL,2000,0.5277200900107921
219,Chile,CHL,2003,0.5148986801357669
220,Chile,CHL,2006,0.4729481635631448
221,Chile,CHL,2009,0.4699121899672136
222,Chile,CHL,2011,0.4604834972301036
223,Chile,CHL,2013,0.4583110610507278
224,Chile,CHL,2015,0.4437132767263289
225,Chile,CHL,2017,0.444410283514897
226,China,CHN,2002,0.4198572405122006
227,China,CHN,2005,0.4090076637476565
228,China,CHN,2008,0.4296503819032852
229,China,CHN,2010,0.4374495330831442
230,China,CHN,2011,0.4240922425537679
231,China,CHN,2012,0.4223716610132101
232,China,CHN,2013,0.3973639827654509
233,China,CHN,2014,0.3917765220149127
234,China,CHN,2015,0.3859530249956465
235,China,CHN,2016,0.3848051858449607
236,China,CHN,2017,0.3907577594673935
237,China,CHN,2018,0.3849764207265922
238,China,CHN,2019,0.3816834246412015
239,China - rural,,2002,0.3801935375167097
240,China - rural,,2005,0.3584920187775873
241,China - rural,,2008,0.3939905013619551
242,China - rural,,2010,0.406078874359751
243,China - rural,,2011,0.3849744698148677
244,China - rural,,2012,0.3949734673285792
245,China - rural,,2013,0.3397101115352584
246,China - rural,,2014,0.3375639043376066
247,China - rural,,2015,0.3324280730657205
248,China - rural,,2016,0.3317983763271288
249,China - rural,,2017,0.3425598634803609
250,China - rural,,2018,0.3354156467179975
251,China - rural,,2019,0.3267486211801867
252,China - urban,,2002,0.3346099846969703
253,China - urban,,2005,0.3479870663235639
254,China - urban,,2008,0.3515430567338135
255,China - urban,,2010,0.3574452290224402
256,China - urban,,2011,0.3555922604477313
257,China - urban,,2012,0.353533520994893
258,China - urban,,2013,0.3668623112407532
259,China - urban,,2014,0.3642967482734096
260,China - urban,,2015,0.3615622340427202
261,China - urban,,2016,0.3612482555073504
262,China - urban,,2017,0.3694192983317749
263,China - urban,,2018,0.3690613270610632
264,China - urban,,2019,0.3705255716145623
265,Colombia,COL,2000,0.5868289301110623
266,Colombia,COL,2001,0.5748303957933867
267,Colombia,COL,2002,0.5601890053647098
268,Colombia,COL,2003,0.5358647782928914
269,Colombia,COL,2004,0.5498104970345837
270,Colombia,COL,2005,0.5391333932409604
271,Colombia,COL,2008,0.5532324609763352
272,Colombia,COL,2009,0.5429641507356222
273,Colombia,COL,2010,0.546254766091452
274,Colombia,COL,2011,0.534902914485105
275,Colombia,COL,2012,0.5264548243482503
276,Colombia,COL,2013,0.5263263643056759
277,Colombia,COL,2014,0.5255101500938343
278,Colombia,COL,2015,0.5099042092389903
279,Colombia,COL,2016,0.5057067710053884
280,Colombia,COL,2017,0.4971548477721741
281,Colombia,COL,2018,0.5041870410395841
282,Colombia,COL,2019,0.513349741365523
283,Comoros,COM,2004,0.5592516023527048
284,Comoros,COM,2014,0.4533459471688265
285,Congo,COG,2005,0.4733054182329792
286,Congo,COG,2011,0.4893867053593573
287,Costa Rica,CRI,2000,0.4744947186604964
288,Costa Rica,CRI,2001,0.5151506637289589
289,Costa Rica,CRI,2002,0.5182363066911435
290,Costa Rica,CRI,2003,0.493086999679418
291,Costa Rica,CRI,2004,0.4842393824747225
292,Costa Rica,CRI,2005,0.4751370266074161
293,Costa Rica,CRI,2006,0.4928526638085201
294,Costa Rica,CRI,2007,0.4931429990125014
295,Costa Rica,CRI,2008,0.4864548201980077
296,Costa Rica,CRI,2009,0.5056012510835672
297,Costa Rica,CRI,2010,0.4804596777825963
298,Costa Rica,CRI,2011,0.4876216570409963
299,Costa Rica,CRI,2012,0.4841902747201341
300,Costa Rica,CRI,2013,0.4915247098579561
301,Costa Rica,CRI,2014,0.4863419562304356
302,Costa Rica,CRI,2015,0.4837614136964541
303,Costa Rica,CRI,2016,0.4870606557466166
304,Costa Rica,CRI,2017,0.4834654060511498
305,Costa Rica,CRI,2018,0.4796854727902833
306,Costa Rica,CRI,2019,0.4818783359185005
307,Cote d'Ivoire,CIV,2002,0.4134004164235457
308,Cote d'Ivoire,CIV,2008,0.4318373325741026
309,Cote d'Ivoire,CIV,2015,0.4147479995612573
310,Cote d'Ivoire,CIV,2018,0.3718356355745246
311,Croatia,HRV,2000,0.3132564368794353
312,Croatia,HRV,2001,0.3110216191919792
313,Croatia,HRV,2004,0.2967740462265648
314,Croatia,HRV,2008,0.3370877241261103
315,Croatia,HRV,2009,0.3318334812074658
316,Croatia,HRV,2010,0.2735410120780503
317,Croatia,HRV,2011,0.3225743432948403
318,Croatia,HRV,2012,0.3247515039306038
319,Croatia,HRV,2013,0.319954852353569
320,Croatia,HRV,2014,0.3210714892294796
321,Croatia,HRV,2015,0.3111531483989218
322,Croatia,HRV,2016,0.3089972562525938
323,Croatia,HRV,2017,0.3035457592767838
324,Croatia,HRV,2018,0.297294736028056
325,Croatia,HRV,2019,0.2890908970139205
326,Cyprus,CYP,2004,0.3008940076408155
327,Cyprus,CYP,2005,0.3025945618650421
328,Cyprus,CYP,2006,0.3112596183927297
329,Cyprus,CYP,2007,0.3111327225994502
330,Cyprus,CYP,2008,0.3170866175997567
331,Cyprus,CYP,2009,0.3210884693328553
332,Cyprus,CYP,2010,0.3145792856269421
333,Cyprus,CYP,2011,0.3262552444524061
334,Cyprus,CYP,2012,0.3431243343540634
335,Cyprus,CYP,2013,0.3704199291671628
336,Cyprus,CYP,2014,0.3556565297299039
337,Cyprus,CYP,2015,0.3396637799607747
338,Cyprus,CYP,2016,0.3289179537781578
339,Cyprus,CYP,2017,0.3141623400087114
340,Cyprus,CYP,2018,0.3273986095056375
341,Cyprus,CYP,2019,0.3122422709276626
342,Czechia,CZE,2002,0.2655509509205199
343,Czechia,CZE,2004,0.2753318001084163
344,Czechia,CZE,2005,0.2694604291245758
345,Czechia,CZE,2006,0.2674415556199473
346,Czechia,CZE,2007,0.2599868937473718
347,Czechia,CZE,2008,0.2628027218320636
348,Czechia,CZE,2009,0.2615667459857196
349,Czechia,CZE,2010,0.2662351375027598
350,Czechia,CZE,2011,0.2638134306595536
351,Czechia,CZE,2012,0.2611001752956208
352,Czechia,CZE,2013,0.2647390334971926
353,Czechia,CZE,2014,0.2592322089671913
354,Czechia,CZE,2015,0.2586743298006774
355,Czechia,CZE,2016,0.2540633291650929
356,Czechia,CZE,2017,0.2485220974651265
357,Czechia,CZE,2018,0.2499034080105021
358,Czechia,CZE,2019,0.2526219685008029
359,Democratic Republic of Congo,COD,2004,0.4216363216646305
360,Democratic Republic of Congo,COD,2012,0.4209970921922328
361,Denmark,DNK,2000,0.2376631971103442
362,Denmark,DNK,2003,0.2563167105012541
363,Denmark,DNK,2004,0.2491279651988014
364,Denmark,DNK,2005,0.2518688905898728
365,Denmark,DNK,2006,0.2591307696762631
366,Denmark,DNK,2007,0.2618425902975041
367,Denmark,DNK,2008,0.2524650079001688
368,Denmark,DNK,2009,0.2670156013173981
369,Denmark,DNK,2010,0.2719855922149722
370,Denmark,DNK,2011,0.2731174610785307
371,Denmark,DNK,2012,0.2779075050858862
372,Denmark,DNK,2013,0.2854376286566805
373,Denmark,DNK,2014,0.2835287915948954
374,Denmark,DNK,2015,0.2817744646029746
375,Denmark,DNK,2016,0.2818744072592857
376,Denmark,DNK,2017,0.2874666138000176
377,Denmark,DNK,2018,0.2816633619443917
378,Denmark,DNK,2019,0.2772364617197734
379,Djibouti,DJI,2002,0.3999783897667521
380,Djibouti,DJI,2012,0.4513425272786379
381,Djibouti,DJI,2013,0.4412707486357961
382,Djibouti,DJI,2017,0.4158799161452292
383,Dominican Republic,DOM,2000,0.5152120209935164
384,Dominican Republic,DOM,2001,0.4999922585250109
385,Dominican Republic,DOM,2002,0.4967751863385383
386,Dominican Republic,DOM,2003,0.5212729099131785
387,Dominican Republic,DOM,2004,0.5205620489825976
388,Dominican Republic,DOM,2005,0.4996820915609521
389,Dominican Republic,DOM,2006,0.5196310297737687
390,Dominican Republic,DOM,2007,0.4885937153980055
391,Dominican Republic,DOM,2008,0.4810916903495268
392,Dominican Republic,DOM,2009,0.4887584121531404
393,Dominican Republic,DOM,2010,0.4732659934143602
394,Dominican Republic,DOM,2011,0.477069049801749
395,Dominican Republic,DOM,2012,0.4613375308348996
396,Dominican Republic,DOM,2013,0.4765639328299531
397,Dominican Republic,DOM,2014,0.4428003183804665
398,Dominican Republic,DOM,2015,0.4518163639827179
399,Dominican Republic,DOM,2016,0.4572391711009633
400,Dominican Republic,DOM,2017,0.4219561532079824
401,Dominican Republic,DOM,2018,0.4368666211283077
402,Dominican Republic,DOM,2019,0.419185651124377
403,Ecuador,ECU,2000,0.5637851757390899
404,Ecuador,ECU,2003,0.5352869213926486
405,Ecuador,ECU,2004,0.5393199081311715
406,Ecuador,ECU,2005,0.5305848012741787
407,Ecuador,ECU,2006,0.5225140478722448
408,Ecuador,ECU,2007,0.5336345081612024
409,Ecuador,ECU,2008,0.4979346963664921
410,Ecuador,ECU,2009,0.4850599010136336
411,Ecuador,ECU,2010,0.488044339392608
412,Ecuador,ECU,2011,0.4587748191885762
413,Ecuador,ECU,2012,0.4612194087591219
414,Ecuador,ECU,2013,0.4686490305204817
415,Ecuador,ECU,2014,0.4499504956002738
416,Ecuador,ECU,2015,0.4595429485500616
417,Ecuador,ECU,2016,0.4502006878134656
418,Ecuador,ECU,2017,0.4467302953254211
419,Ecuador,ECU,2018,0.4544029958043589
420,Ecuador,ECU,2019,0.4571153312670134
421,Egypt,EGY,2004,0.3184754542970216
422,Egypt,EGY,2008,0.3110243606379493
423,Egypt,EGY,2010,0.3019145769797162
424,Egypt,EGY,2012,0.2829220277302156
425,Egypt,EGY,2015,0.3182335813028051
426,Egypt,EGY,2017,0.3153395276940045
427,El Salvador,SLV,2000,0.5147436774367206
428,El Salvador,SLV,2001,0.5137043905398048
429,El Salvador,SLV,2002,0.5187049174185503
430,El Salvador,SLV,2003,0.5049769256022152
431,El Salvador,SLV,2004,0.4781968454494981
432,El Salvador,SLV,2005,0.4848493248420018
433,El Salvador,SLV,2006,0.4569255924972137
434,El Salvador,SLV,2007,0.4521799419979481
435,El Salvador,SLV,2008,0.4688567901673588
436,El Salvador,SLV,2009,0.4582508607113157
437,El Salvador,SLV,2010,0.4351412842323908
438,El Salvador,SLV,2011,0.4231836001767365
439,El Salvador,SLV,2012,0.4182927684598859
440,El Salvador,SLV,2013,0.4335896299898032
441,El Salvador,SLV,2014,0.4155984144442802
442,El Salvador,SLV,2015,0.4055194183774289
443,El Salvador,SLV,2016,0.3997858016920802
444,El Salvador,SLV,2017,0.380071879098376
445,El Salvador,SLV,2018,0.3861057120065729
446,El Salvador,SLV,2019,0.3877876391517543
447,Estonia,EST,2000,0.3578439813639195
448,Estonia,EST,2001,0.3601245483372094
449,Estonia,EST,2002,0.3579157437717957
450,Estonia,EST,2003,0.3490962432151921
451,Estonia,EST,2004,0.3537818865049199
452,Estonia,EST,2005,0.334489426179419
453,Estonia,EST,2006,0.3367107169543648
454,Estonia,EST,2007,0.3118015820499509
455,Estonia,EST,2008,0.3191707808349102
456,Estonia,EST,2009,0.3144361223785004
457,Estonia,EST,2010,0.3200120112345741
458,Estonia,EST,2011,0.3249163323213634
459,Estonia,EST,2012,0.3291576051057381
460,Estonia,EST,2013,0.3507978511887406
461,Estonia,EST,2014,0.3459155633335024
462,Estonia,EST,2015,0.3267032993155649
463,Estonia,EST,2016,0.311968259270128
464,Estonia,EST,2017,0.3035502623933825
465,Estonia,EST,2018,0.3032145132574511
466,Estonia,EST,2019,0.3076754280691265
467,Eswatini,SWZ,2000,0.531135202249502
468,Eswatini,SWZ,2009,0.5145260440916994
469,Eswatini,SWZ,2016,0.5457979366950239
470,Ethiopia,ETH,2004,0.2980685297022436
471,Ethiopia,ETH,2010,0.3317060081465824
472,Ethiopia,ETH,2015,0.3499312323123417
473,Fiji,FJI,2002,0.3810205445197279
474,Fiji,FJI,2008,0.4037558609500759
475,Fiji,FJI,2013,0.3669659674139972
476,Fiji,FJI,2019,0.3070686743152849
477,Finland,FIN,2000,0.2715662660273222
478,Finland,FIN,2003,0.2768660407996708
479,Finland,FIN,2004,0.2789776594230597
480,Finland,FIN,2005,0.2761959366536489
481,Finland,FIN,2006,0.279990753742652
482,Finland,FIN,2007,0.2828557151965987
483,Finland,FIN,2008,0.2783820830831632
484,Finland,FIN,2009,0.2745544574270847
485,Finland,FIN,2010,0.2771408798561746
486,Finland,FIN,2011,0.276428193618218
487,Finland,FIN,2012,0.2709663044268671
488,Finland,FIN,2013,0.2719395885396505
489,Finland,FIN,2014,0.2677697598746835
490,Finland,FIN,2015,0.2710204232618408
491,Finland,FIN,2016,0.2707848436970796
492,Finland,FIN,2017,0.2738308541859643
493,Finland,FIN,2018,0.2732977282956268
494,Finland,FIN,2019,0.2773732985995423
495,France,FRA,2000,0.3108606236773413
496,France,FRA,2003,0.314111173194889
497,France,FRA,2004,0.3064733957106894
498,France,FRA,2005,0.2983401402624174
499,France,FRA,2006,0.2969109162880077
500,France,FRA,2007,0.3242772738280982
501,France,FRA,2008,0.3299647681963965
502,France,FRA,2009,0.3266126936717725
503,France,FRA,2010,0.3372048148420892
504,France,FRA,2011,0.3329475046048538
505,France,FRA,2012,0.3311485874899622
506,France,FRA,2013,0.3251263513038438
507,France,FRA,2014,0.3226218403076248
508,France,FRA,2015,0.3270433505694236
509,France,FRA,2016,0.3192374408702031
510,France,FRA,2017,0.3163206541721509
511,France,FRA,2018,0.3238068846338817
512,Gabon,GAB,2005,0.4218498636726916
513,Gabon,GAB,2017,0.380243722914563
514,Gambia,GMB,2003,0.4733162413745319
515,Gambia,GMB,2010,0.4356843349541263
516,Gambia,GMB,2015,0.3591883097565133
517,Georgia,GEO,2000,0.4047811333814833
518,Georgia,GEO,2001,0.3957413239288738
519,Georgia,GEO,2002,0.3724937767247639
520,Georgia,GEO,2003,0.3665508258035923
521,Georgia,GEO,2004,0.3617535680424418
522,Georgia,GEO,2005,0.3737933900324244
523,Georgia,GEO,2006,0.3686862384621511
524,Georgia,GEO,2007,0.3811308229304199
525,Georgia,GEO,2008,0.3853485333499431
526,Georgia,GEO,2009,0.3823740323062768
527,Georgia,GEO,2010,0.3946146371777795
528,Georgia,GEO,2011,0.3959571569237257
529,Georgia,GEO,2012,0.3895476795094192
530,Georgia,GEO,2013,0.385890191083294
531,Georgia,GEO,2014,0.3755413441304889
532,Georgia,GEO,2015,0.3650367556914279
533,Georgia,GEO,2016,0.3663964885392092
534,Georgia,GEO,2017,0.3793973310645745
535,Georgia,GEO,2018,0.3641136308376174
536,Georgia,GEO,2019,0.3590076515730312
537,Germany,DEU,2000,0.2894002217856078
538,Germany,DEU,2001,0.3009669508999525
539,Germany,DEU,2002,0.2994113627921397
540,Germany,DEU,2003,0.3006283682134048
541,Germany,DEU,2004,0.3028800367326846
542,Germany,DEU,2005,0.3180655326902631
543,Germany,DEU,2006,0.3119412162431501
544,Germany,DEU,2007,0.3136959587572979
545,Germany,DEU,2008,0.3090444365031222
546,Germany,DEU,2009,0.3047942766998244
547,Germany,DEU,2010,0.3031977402485197
548,Germany,DEU,2011,0.3084755396245932
549,Germany,DEU,2012,0.3105578889620796
550,Germany,DEU,2013,0.3145246656235116
551,Germany,DEU,2014,0.308718556990095
552,Germany,DEU,2015,0.3158334239275551
553,Germany,DEU,2016,0.3157432591300597
554,Germany,DEU,2017,0.3120190507755539
555,Germany,DEU,2018,0.3169841088561242
556,Ghana,GHA,2005,0.42765535884075
557,Ghana,GHA,2012,0.4237320525523956
558,Ghana,GHA,2016,0.4352087898470238
559,Greece,GRC,2000,0.3423919487828181
560,Greece,GRC,2003,0.3276233803454349
561,Greece,GRC,2004,0.3359099002470878
562,Greece,GRC,2005,0.3459823275062919
563,Greece,GRC,2006,0.3512380482363828
564,Greece,GRC,2007,0.3395357553237585
565,Greece,GRC,2008,0.3358936240707495
566,Greece,GRC,2009,0.3361905743954608
567,Greece,GRC,2010,0.3410332817378103
568,Greece,GRC,2011,0.348494120310329
569,Greece,GRC,2012,0.3625100078377924
570,Greece,GRC,2013,0.3612736056728677
571,Greece,GRC,2014,0.3580950553073035
572,Greece,GRC,2015,0.3600025954020001
573,Greece,GRC,2016,0.3495863990321259
574,Greece,GRC,2017,0.3435202107673154
575,Greece,GRC,2018,0.3289120526515418
576,Greece,GRC,2019,0.3310445622925062
577,Guatemala,GTM,2000,0.541765210082463
578,Guatemala,GTM,2006,0.5457072142456858
579,Guatemala,GTM,2014,0.4827858949121327
580,Guinea,GIN,2002,0.4300416364174586
581,Guinea,GIN,2007,0.3935534686169969
582,Guinea,GIN,2012,0.3372970464882601
583,Guinea,GIN,2018,0.2959195300100971
584,Guinea-Bissau,GNB,2002,0.3556974589468559
585,Guinea-Bissau,GNB,2010,0.506642398909958
586,Guinea-Bissau,GNB,2018,0.347652303962738
587,Haiti,HTI,2001,0.594766183608848
588,Haiti,HTI,2012,0.4110377373169419
589,Honduras,HND,2001,0.5536071940885385
590,Honduras,HND,2002,0.5573095801975785
591,Honduras,HND,2003,0.5812125066793631
592,Honduras,HND,2004,0.5813391348561546
593,Honduras,HND,2005,0.5951159109347068
594,Honduras,HND,2006,0.575427778507408
595,Honduras,HND,2007,0.5582030727204322
596,Honduras,HND,2008,0.5549990703495049
597,Honduras,HND,2009,0.5128332278806622
598,Honduras,HND,2010,0.5308706587764769
599,Honduras,HND,2011,0.5255978559313808
600,Honduras,HND,2012,0.5337070984419767
601,Honduras,HND,2013,0.4995975176896486
602,Honduras,HND,2014,0.4987858626473278
603,Honduras,HND,2015,0.4924989297389206
604,Honduras,HND,2016,0.4981186016046447
605,Honduras,HND,2017,0.4944552648326352
606,Honduras,HND,2018,0.4893778449405987
607,Honduras,HND,2019,0.4816816743143374
608,Hungary,HUN,2000,0.2722058131347022
609,Hungary,HUN,2001,0.2692448437107183
610,Hungary,HUN,2002,0.2683789033147645
611,Hungary,HUN,2003,0.3092575549570886
612,Hungary,HUN,2004,0.3002242741907421
613,Hungary,HUN,2005,0.3019102016810878
614,Hungary,HUN,2006,0.2895891768551829
615,Hungary,HUN,2007,0.3115509137498108
616,Hungary,HUN,2008,0.2751404319431585
617,Hungary,HUN,2009,0.2695963983619708
618,Hungary,HUN,2010,0.2944422587538693
619,Hungary,HUN,2011,0.291583422943667
620,Hungary,HUN,2012,0.308041866199123
621,Hungary,HUN,2013,0.3150410221015213
622,Hungary,HUN,2014,0.3091766108797996
623,Hungary,HUN,2015,0.3040823015152568
624,Hungary,HUN,2016,0.3032761854890129
625,Hungary,HUN,2017,0.3058412350347461
626,Hungary,HUN,2018,0.2961204436230077
627,Hungary,HUN,2019,0.2995047278784619
628,Iceland,ISL,2003,0.268360369710387
629,Iceland,ISL,2004,0.2798214018414904
630,Iceland,ISL,2005,0.2900244692951984
631,Iceland,ISL,2006,0.3024515054434067
632,Iceland,ISL,2007,0.2947095974984995
633,Iceland,ISL,2008,0.3178927852223966
634,Iceland,ISL,2009,0.2865641003002629
635,Iceland,ISL,2010,0.2617161961231129
636,Iceland,ISL,2011,0.2683079945866343
637,Iceland,ISL,2012,0.2676942466276852
638,Iceland,ISL,2013,0.2540291490177192
639,Iceland,ISL,2014,0.2780041572588202
640,Iceland,ISL,2015,0.2678797144859822
641,Iceland,ISL,2016,0.2724110527328761
642,Iceland,ISL,2017,0.2613158023316
643,India,IND,2004,0.3440630513641954
644,India,IND,2009,0.3538033617365391
645,India,IND,2011,0.3571257592381898
646,India,IND,2015,0.347064362737381
647,India,IND,2016,0.3477323355548487
648,India,IND,2017,0.3594304727668258
649,India,IND,2018,0.345896862648404
650,India,IND,2019,0.3573385711839453
651,India - rural,,2004,0.3045357638042349
652,India - rural,,2009,0.2995030372547479
653,India - rural,,2011,0.3112752237767183
654,India - rural,,2015,0.3126380520264424
655,India - rural,,2016,0.310115297662204
656,India - rural,,2017,0.3127330268255797
657,India - rural,,2018,0.3105335768920045
658,India - rural,,2019,0.3086295455014346
659,India - urban,,2004,0.3763517347329781
660,India - urban,,2009,0.3934797367007693
661,India - urban,,2011,0.390144289976554
662,India - urban,,2015,0.3787986289191206
663,India - urban,,2016,0.3829256801417247
664,India - urban,,2017,0.3957888158736985
665,India - urban,,2018,0.3621582736784414
666,India - urban,,2019,0.3936559153152709
667,Indonesia,IDN,2000,0.285807763765243
668,Indonesia,IDN,2001,0.2902546475527486
669,Indonesia,IDN,2002,0.3172197339970697
670,Indonesia,IDN,2003,0.3190272144691444
671,Indonesia,IDN,2004,0.3274214357040584
672,Indonesia,IDN,2005,0.3302376650116507
673,Indonesia,IDN,2006,0.3428642011452113
674,Indonesia,IDN,2007,0.3569719786026873
675,Indonesia,IDN,2008,0.3515416195076524
676,Indonesia,IDN,2009,0.3510821027917253
677,Indonesia,IDN,2010,0.3641443189103686
678,Indonesia,IDN,2011,0.397267367641807
679,Indonesia,IDN,2012,0.3967684707146915
680,Indonesia,IDN,2013,0.3997450045577626
681,Indonesia,IDN,2014,0.3942069711990675
682,Indonesia,IDN,2015,0.397275792344165
683,Indonesia,IDN,2016,0.3859821724288997
684,Indonesia,IDN,2017,0.3810525689672241
685,Indonesia,IDN,2018,0.3777298390555754
686,Indonesia,IDN,2019,0.369741191936729
687,Indonesia - rural,,2000,0.2410152552368086
688,Indonesia - rural,,2001,0.2390263386548226
689,Indonesia - rural,,2002,0.2553381993707817
690,Indonesia - rural,,2003,0.2535870738846385
691,Indonesia - rural,,2004,0.2653111080028567
692,Indonesia - rural,,2005,0.2790284890715495
693,Indonesia - rural,,2006,0.2891717379992909
694,Indonesia - rural,,2007,0.3011493815683446
695,Indonesia - rural,,2008,0.2998285303074425
696,Indonesia - rural,,2009,0.2949984795046805
697,Indonesia - rural,,2010,0.315333076568175
698,Indonesia - rural,,2011,0.3409647162802347
699,Indonesia - rural,,2012,0.3298240144996739
700,Indonesia - rural,,2013,0.3204986246272495
701,Indonesia - rural,,2014,0.3191441182220693
702,Indonesia - rural,,2015,0.3341845392728119
703,Indonesia - rural,,2016,0.3265532343256481
704,Indonesia - rural,,2017,0.3204544556812978
705,Indonesia - rural,,2018,0.3244418790190356
706,Indonesia - rural,,2019,0.3168654257291088
707,Indonesia - urban,,2000,0.3165025605259989
708,Indonesia - urban,,2001,0.3175869296583117
709,Indonesia - urban,,2002,0.3393820803964741
710,Indonesia - urban,,2003,0.3401206073382001
711,Indonesia - urban,,2004,0.3430566829227969
712,Indonesia - urban,,2005,0.3418980542185926
713,Indonesia - urban,,2006,0.3551749701471302
714,Indonesia - urban,,2007,0.3707588540193189
715,Indonesia - urban,,2008,0.367170390835231
716,Indonesia - urban,,2009,0.3720203143706319
717,Indonesia - urban,,2010,0.3820476746147534
718,Indonesia - urban,,2011,0.4221694510689782
719,Indonesia - urban,,2012,0.4248085435121485
720,Indonesia - urban,,2013,0.4310653512387526
721,Indonesia - urban,,2014,0.4276526182347255
722,Indonesia - urban,,2015,0.427530636848319
723,Indonesia - urban,,2016,0.4103151529517567
724,Indonesia - urban,,2017,0.4068613113833035
725,Indonesia - urban,,2018,0.4005401951850119
726,Indonesia - urban,,2019,0.3921566856507905
727,Iran,IRN,2005,0.4355864116802718
728,Iran,IRN,2006,0.4475203722148978
729,Iran,IRN,2009,0.4205002463843913
730,Iran,IRN,2013,0.3735950783234441
731,Iran,IRN,2014,0.3878329281544339
732,Iran,IRN,2015,0.3947100425317789
733,Iran,IRN,2016,0.3996519667192529
734,Iran,IRN,2017,0.4080294205745207
735,Iran,IRN,2018,0.4200330198476105
736,Iran,IRN,2019,0.4093596837694971
737,Iraq,IRQ,2006,0.2860061238900415
738,Iraq,IRQ,2012,0.2954185695660272
739,Ireland,IRL,2000,0.3300520521927084
740,Ireland,IRL,2002,0.3229025635496045
741,Ireland,IRL,2003,0.3288762275619803
742,Ireland,IRL,2004,0.3360963782153346
743,Ireland,IRL,2005,0.3375401111290208
744,Ireland,IRL,2006,0.3272795513640367
745,Ireland,IRL,2007,0.3194677162297639
746,Ireland,IRL,2008,0.3090621834807562
747,Ireland,IRL,2009,0.3268254837009159
748,Ireland,IRL,2010,0.3229709527156233
749,Ireland,IRL,2011,0.3287469363129339
750,Ireland,IRL,2012,0.3322075173369488
751,Ireland,IRL,2013,0.3348919006514453
752,Ireland,IRL,2014,0.3187645250891104
753,Ireland,IRL,2015,0.3182153975328732
754,Ireland,IRL,2016,0.3280759842839694
755,Ireland,IRL,2017,0.3135980370255203
756,Ireland,IRL,2018,0.3060292684647587
757,Israel,ISR,2001,0.3894766211110492
758,Israel,ISR,2002,0.3955942270542948
759,Israel,ISR,2003,0.4072257099910671
760,Israel,ISR,2004,0.4145630065727199
761,Israel,ISR,2005,0.4226762253608898
762,Israel,ISR,2006,0.4155532239062903
763,Israel,ISR,2007,0.4109863358913976
764,Israel,ISR,2008,0.4164267940947838
765,Israel,ISR,2009,0.4263395048024534
766,Israel,ISR,2010,0.4252702457835087
767,Israel,ISR,2011,0.4144416393744092
768,Israel,ISR,2012,0.4160959640672664
769,Israel,ISR,2013,0.4022482473992248
770,Israel,ISR,2014,0.3975748888618401
771,Israel,ISR,2015,0.397195298938499
772,Israel,ISR,2016,0.3901301526892952
773,Israel,ISR,2017,0.3820206439128806
774,Israel,ISR,2018,0.3857717384665089
775,Italy,ITA,2000,0.3525280984423746
776,Italy,ITA,2003,0.3493130855082459
777,Italy,ITA,2004,0.3429511626302363
778,Italy,ITA,2005,0.3383360556237444
779,Italy,ITA,2006,0.3369739603399531
780,Italy,ITA,2007,0.3289073563667705
781,Italy,ITA,2008,0.3377010232366898
782,Italy,ITA,2009,0.3383577039072794
783,Italy,ITA,2010,0.3472130832471845
784,Italy,ITA,2011,0.3505721451796475
785,Italy,ITA,2012,0.351556105922185
786,Italy,ITA,2013,0.3491184922890655
787,Italy,ITA,2014,0.3465732830402377
788,Italy,ITA,2015,0.353974364777367
789,Italy,ITA,2016,0.352462496122166
790,Italy,ITA,2017,0.3592800094735346
791,Italy,ITA,2018,0.3522257062873518
792,Jamaica,JAM,2002,0.4831596261345999
793,Jamaica,JAM,2004,0.4545747436622845
794,Japan,JPN,2008,0.3484231506323008
795,Japan,JPN,2010,0.3210032043008336
796,Japan,JPN,2013,0.3285472862273798
797,Jordan,JOR,2002,0.3695461630006001
798,Jordan,JOR,2006,0.3385625356337215
799,Jordan,JOR,2008,0.3257345028644143
800,Jordan,JOR,2010,0.3365573031098069
801,Kazakhstan,KAZ,2001,0.3596475855684515
802,Kazakhstan,KAZ,2002,0.3481114002292449
803,Kazakhstan,KAZ,2003,0.3369147880363955
804,Kazakhstan,KAZ,2004,0.3183875853262661
805,Kazakhstan,KAZ,2005,0.3982603995118513
806,Kazakhstan,KAZ,2006,0.3024386524999382
807,Kazakhstan,KAZ,2007,0.3008405631040639
808,Kazakhstan,KAZ,2008,0.2849644381821118
809,Kazakhstan,KAZ,2009,0.2820886677411107
810,Kazakhstan,KAZ,2010,0.2795451175206349
811,Kazakhstan,KAZ,2011,0.2798384378555342
812,Kazakhstan,KAZ,2012,0.2816882177105738
813,Kazakhstan,KAZ,2013,0.27065428043571
814,Kazakhstan,KAZ,2014,0.2701585979856632
815,Kazakhstan,KAZ,2015,0.2680366741835813
816,Kazakhstan,KAZ,2016,0.2722532512349164
817,Kazakhstan,KAZ,2017,0.274502759394129
818,Kazakhstan,KAZ,2018,0.2779287457747319
819,Kenya,KEN,2005,0.4645292489488811
820,Kenya,KEN,2015,0.4077577253361155
821,Kiribati,KIR,2006,0.3697300145733538
822,Kiribati,KIR,2019,0.2783270304097769
823,Kosovo,OWID_KOS,2003,0.289538550017078
824,Kosovo,OWID_KOS,2005,0.3123822986421518
825,Kosovo,OWID_KOS,2006,0.3032163348329488
826,Kosovo,OWID_KOS,2009,0.3178171569594474
827,Kosovo,OWID_KOS,2010,0.3325430015603779
828,Kosovo,OWID_KOS,2011,0.2783174844298602
829,Kosovo,OWID_KOS,2012,0.2897226904464488
830,Kosovo,OWID_KOS,2013,0.2630659173423673
831,Kosovo,OWID_KOS,2014,0.2727017235624297
832,Kosovo,OWID_KOS,2015,0.2645415317539462
833,Kosovo,OWID_KOS,2016,0.2672114518222676
834,Kosovo,OWID_KOS,2017,0.2901294378907902
835,Kyrgyzstan,KGZ,2000,0.3103501271539703
836,Kyrgyzstan,KGZ,2001,0.3016397977453564
837,Kyrgyzstan,KGZ,2002,0.3030238686178876
838,Kyrgyzstan,KGZ,2003,0.2870864708225437
839,Kyrgyzstan,KGZ,2004,0.3477342927696414
840,Kyrgyzstan,KGZ,2005,0.3256143077247508
841,Kyrgyzstan,KGZ,2006,0.3738124037523129
842,Kyrgyzstan,KGZ,2007,0.3391182167309092
843,Kyrgyzstan,KGZ,2008,0.3145068473220799
844,Kyrgyzstan,KGZ,2009,0.2987491595487895
845,Kyrgyzstan,KGZ,2010,0.3013391506022944
846,Kyrgyzstan,KGZ,2011,0.278398637789184
847,Kyrgyzstan,KGZ,2012,0.2735727410747848
848,Kyrgyzstan,KGZ,2013,0.2881548367145018
849,Kyrgyzstan,KGZ,2014,0.2681900378274492
850,Kyrgyzstan,KGZ,2015,0.2899791535494767
851,Kyrgyzstan,KGZ,2016,0.267807678604494
852,Kyrgyzstan,KGZ,2017,0.2733500913722652
853,Kyrgyzstan,KGZ,2018,0.2769032710213341
854,Kyrgyzstan,KGZ,2019,0.2970122324247096
855,Laos,LAO,2002,0.326201086403921
856,Laos,LAO,2007,0.3536103487435303
857,Laos,LAO,2012,0.3596354823065156
858,Laos,LAO,2018,0.3880243378589684
859,Latvia,LVA,2002,0.3509123373365604
860,Latvia,LVA,2003,0.3652860159614507
861,Latvia,LVA,2004,0.3495712831639228
862,Latvia,LVA,2005,0.3898148372461456
863,Latvia,LVA,2006,0.3560276628021006
864,Latvia,LVA,2007,0.3604692993751187
865,Latvia,LVA,2008,0.3581789871581941
866,Latvia,LVA,2009,0.3483174057105631
867,Latvia,LVA,2010,0.3503441017476636
868,Latvia,LVA,2011,0.3577436934075939
869,Latvia,LVA,2012,0.3523768850751687
870,Latvia,LVA,2013,0.3550057059573657
871,Latvia,LVA,2014,0.3511523299927969
872,Latvia,LVA,2015,0.3420443516233862
873,Latvia,LVA,2016,0.3432962990267049
874,Latvia,LVA,2017,0.3557193461819441
875,Latvia,LVA,2018,0.3509615142209008
876,Latvia,LVA,2019,0.3448953888885434
877,Lebanon,LBN,2011,0.3183244967411449
878,Lesotho,LSO,2002,0.5157492355421905
879,Lesotho,LSO,2017,0.4487970137435177
880,Liberia,LBR,2007,0.3647774500627827
881,Liberia,LBR,2014,0.3323788430829755
882,Liberia,LBR,2016,0.3526546118973468
883,Lithuania,LTU,2000,0.3167493392276617
884,Lithuania,LTU,2001,0.3201227463709087
885,Lithuania,LTU,2002,0.3191556761392335
886,Lithuania,LTU,2003,0.3545648688086679
887,Lithuania,LTU,2004,0.3520401582348517
888,Lithuania,LTU,2005,0.3530220753928308
889,Lithuania,LTU,2006,0.3441898709030896
890,Lithuania,LTU,2007,0.3479718893462099
891,Lithuania,LTU,2008,0.37055656672702
892,Lithuania,LTU,2009,0.3722598740930499
893,Lithuania,LTU,2010,0.3361930591882244
894,Lithuania,LTU,2011,0.3249105251479964
895,Lithuania,LTU,2012,0.3509868148524656
896,Lithuania,LTU,2013,0.3531114647979293
897,Lithuania,LTU,2014,0.3768144196775759
898,Lithuania,LTU,2015,0.3737522380387583
899,Lithuania,LTU,2016,0.3839120603606409
900,Lithuania,LTU,2017,0.3728969917547392
901,Lithuania,LTU,2018,0.3570780770405716
902,Lithuania,LTU,2019,0.3525315148553933
903,Luxembourg,LUX,2000,0.3044730223281299
904,Luxembourg,LUX,2003,0.3018747238639327
905,Luxembourg,LUX,2004,0.3017269779124621
906,Luxembourg,LUX,2005,0.3084080789006824
907,Luxembourg,LUX,2006,0.3094812021092055
908,Luxembourg,LUX,2007,0.311337503205697
909,Luxembourg,LUX,2008,0.3256154476251994
910,Luxembourg,LUX,2009,0.3119691795909921
911,Luxembourg,LUX,2010,0.3050437806996844
912,Luxembourg,LUX,2011,0.3205411959298541
913,Luxembourg,LUX,2012,0.3434714848838827
914,Luxembourg,LUX,2013,0.3203604611251579
915,Luxembourg,LUX,2014,0.3115831771044689
916,Luxembourg,LUX,2015,0.3292223286441645
917,Luxembourg,LUX,2016,0.3172798278921666
918,Luxembourg,LUX,2017,0.3451573994503358
919,Luxembourg,LUX,2018,0.3536809440930619
920,Luxembourg,LUX,2019,0.3424126199068633
921,Madagascar,MDG,2001,0.4743542996374414
922,Madagascar,MDG,2005,0.3993717914059934
923,Madagascar,MDG,2010,0.4241748756953225
924,Madagascar,MDG,2012,0.4264818226834529
925,Malawi,MWI,2004,0.3987346035344173
926,Malawi,MWI,2010,0.4547597114522977
927,Malawi,MWI,2016,0.4469430781747893
928,Malawi,MWI,2019,0.3854317496683926
929,Malaysia,MYS,2003,0.464162023882681
930,Malaysia,MYS,2006,0.4475234946974202
931,Malaysia,MYS,2008,0.4547971222914022
932,Malaysia,MYS,2011,0.4394359675588655
933,Malaysia,MYS,2013,0.4134882666564541
934,Malaysia,MYS,2015,0.4106639837531249
935,Maldives,MDV,2002,0.4131202677034142
936,Maldives,MDV,2009,0.3837276375013643
937,Maldives,MDV,2016,0.3128564712743542
938,Maldives,MDV,2019,0.2928509126982113
939,Mali,MLI,2001,0.3986728255895362
940,Mali,MLI,2006,0.3892996202687648
941,Mali,MLI,2009,0.3303795578084716
942,Mali,MLI,2018,0.3613692014891341
943,Malta,MLT,2006,0.2801997613556565
944,Malta,MLT,2007,0.2920773955229954
945,Malta,MLT,2008,0.2899550662665748
946,Malta,MLT,2009,0.3024479703189097
947,Malta,MLT,2010,0.2902586675511401
948,Malta,MLT,2011,0.2914259120707824
949,Malta,MLT,2012,0.2936044857207419
950,Malta,MLT,2013,0.2884366376984589
951,Malta,MLT,2014,0.2902034650813192
952,Malta,MLT,2015,0.2943377335898085
953,Malta,MLT,2016,0.2908911446068348
954,Malta,MLT,2017,0.29232238644573
955,Malta,MLT,2018,0.2866508622408998
956,Malta,MLT,2019,0.310420821380047
957,Marshall Islands,MHL,2019,0.3548294288795409
958,Mauritania,MRT,2000,0.3902847355797834
959,Mauritania,MRT,2004,0.4016877035410349
960,Mauritania,MRT,2008,0.3568537820273938
961,Mauritania,MRT,2014,0.3261934988227015
962,Mauritius,MUS,2006,0.3565342212479708
963,Mauritius,MUS,2012,0.3846539852587812
964,Mauritius,MUS,2017,0.3676120593795564
965,Mexico,MEX,2000,0.5258396573713688
966,Mexico,MEX,2002,0.5008865457542881
967,Mexico,MEX,2004,0.5003007634851782
968,Mexico,MEX,2005,0.5012035866885656
969,Mexico,MEX,2006,0.4893605282350798
970,Mexico,MEX,2008,0.4988384765794411
971,Mexico,MEX,2010,0.4721390937230654
972,Mexico,MEX,2012,0.487134660472487
973,Mexico,MEX,2014,0.4872243903544354
974,Mexico,MEX,2016,0.4767771275492158
975,Mexico,MEX,2018,0.4670695530062811
976,Micronesia (country),FSM,2005,0.4235579827124629
977,Micronesia (country),FSM,2013,0.4005763132327369
978,Micronesia (country) - urban,,2000,0.6326196916143099
979,Moldova,MDA,2000,0.3642569067185078
980,Moldova,MDA,2001,0.3798919351663601
981,Moldova,MDA,2002,0.3584590716152174
982,Moldova,MDA,2003,0.3490208526442752
983,Moldova,MDA,2004,0.3502956660526319
984,Moldova,MDA,2005,0.362808379295648
985,Moldova,MDA,2006,0.354009266043423
986,Moldova,MDA,2007,0.3442104094251149
987,Moldova,MDA,2008,0.3469244308874357
988,Moldova,MDA,2009,0.32910908035257
989,Moldova,MDA,2010,0.320509202088989
990,Moldova,MDA,2011,0.3062857565763105
991,Moldova,MDA,2012,0.2915883934851393
992,Moldova,MDA,2013,0.2853415888889699
993,Moldova,MDA,2014,0.2683385256008489
994,Moldova,MDA,2015,0.2702815808188439
995,Moldova,MDA,2016,0.2634538678786378
996,Moldova,MDA,2017,0.2589924475059301
997,Moldova,MDA,2018,0.2566164807245337
998,Moldova,MDA,2019,0.2601664666961418
999,Mongolia,MNG,2002,0.328929481289381
1000,Mongolia,MNG,2007,0.3582187140554911
1001,Mongolia,MNG,2010,0.3308121209995188
1002,Mongolia,MNG,2011,0.3388350747357589
1003,Mongolia,MNG,2012,0.3375161508836776
1004,Mongolia,MNG,2014,0.3203778993121614
1005,Mongolia,MNG,2016,0.3234573282626243
1006,Mongolia,MNG,2018,0.32740990379669
1007,Montenegro,MNE,2005,0.3021727638783129
1008,Montenegro,MNE,2006,0.3003535960847907
1009,Montenegro,MNE,2007,0.3144806772720313
1010,Montenegro,MNE,2008,0.3048799355271608
1011,Montenegro,MNE,2009,0.310085163320923
1012,Montenegro,MNE,2010,0.2889309673494812
1013,Montenegro,MNE,2011,0.3081985384468271
1014,Montenegro,MNE,2012,0.322737360459538
1015,Montenegro,MNE,2013,0.3244293633664122
1016,Montenegro,MNE,2014,0.319265220114987
1017,Montenegro,MNE,2015,0.3900503341273924
1018,Montenegro,MNE,2016,0.3848794611715274
1019,Montenegro,MNE,2017,0.3690682380146614
1020,Montenegro,MNE,2018,0.368119267302466
1021,Morocco,MAR,2000,0.4063700844772159
1022,Morocco,MAR,2006,0.4071830246784665
1023,Morocco,MAR,2013,0.3954850870115622
1024,Mozambique,MOZ,2002,0.4703906957738243
1025,Mozambique,MOZ,2008,0.4557833707287263
1026,Mozambique,MOZ,2014,0.5399668162273381
1027,Myanmar,MMR,2015,0.3806850920474182
1028,Myanmar,MMR,2017,0.3069686952136355
1029,Namibia,NAM,2003,0.633187597932559
1030,Namibia,NAM,2009,0.6096517549255236
1031,Namibia,NAM,2015,0.5906661436784657
1032,Nauru,NRU,2012,0.3476618146165543
1033,Nepal,NPL,2003,0.4376810431071803
1034,Nepal,NPL,2010,0.3284058617688757
1035,Netherlands,NLD,2004,0.2980002606993465
1036,Netherlands,NLD,2005,0.2904823025428976
1037,Netherlands,NLD,2006,0.3004332658009901
1038,Netherlands,NLD,2007,0.2959277822229548
1039,Netherlands,NLD,2008,0.2929801219819223
1040,Netherlands,NLD,2009,0.2788199724132741
1041,Netherlands,NLD,2010,0.2784524730895065
1042,Netherlands,NLD,2011,0.2775008685034135
1043,Netherlands,NLD,2012,0.2762093080077552
1044,Netherlands,NLD,2013,0.2810647938668688
1045,Netherlands,NLD,2014,0.2863141872248779
1046,Netherlands,NLD,2015,0.2824157950619425
1047,Netherlands,NLD,2016,0.2817356975068366
1048,Netherlands,NLD,2017,0.2853581942783637
1049,Netherlands,NLD,2018,0.2812108040445857
1050,Netherlands,NLD,2019,0.2924833284839236
1051,Nicaragua,NIC,2001,0.4299820215351255
1052,Nicaragua,NIC,2005,0.4053198771230772
1053,Nicaragua,NIC,2009,0.4394216095804693
1054,Nicaragua,NIC,2014,0.4615629418573037
1055,Niger,NER,2005,0.4442544419223084
1056,Niger,NER,2007,0.3730445422997349
1057,Niger,NER,2011,0.3145171463826841
1058,Niger,NER,2014,0.3427657603785815
1059,Niger,NER,2018,0.372810448544046
1060,Nigeria,NGA,2003,0.4006357930428535
1061,Nigeria,NGA,2010,0.356502096911836
1062,Nigeria,NGA,2012,0.3551300721594593
1063,Nigeria,NGA,2015,0.3587977866103451
1064,Nigeria,NGA,2018,0.3512774279386329
1065,North Macedonia,MKD,2000,0.3426387208961874
1066,North Macedonia,MKD,2002,0.3850906829653562
1067,North Macedonia,MKD,2003,0.3872239316828584
1068,North Macedonia,MKD,2004,0.384325517205212
1069,North Macedonia,MKD,2005,0.3930525011015623
1070,North Macedonia,MKD,2006,0.4264250318090545
1071,North Macedonia,MKD,2008,0.4614162556030415
1072,North Macedonia,MKD,2009,0.4276445516941825
1073,North Macedonia,MKD,2010,0.4016062200807281
1074,North Macedonia,MKD,2011,0.3937410663666019
1075,North Macedonia,MKD,2012,0.3813651741315856
1076,North Macedonia,MKD,2013,0.3624293619518693
1077,North Macedonia,MKD,2014,0.3520543445481174
1078,North Macedonia,MKD,2015,0.3559465911430172
1079,North Macedonia,MKD,2016,0.3453469060847217
1080,North Macedonia,MKD,2017,0.342002030630848
1081,North Macedonia,MKD,2018,0.3296070245478671
1082,Norway,NOR,2000,0.2735878525424821
1083,Norway,NOR,2003,0.2762729372891216
1084,Norway,NOR,2004,0.3157907691629881
1085,Norway,NOR,2005,0.3059755725168187
1086,Norway,NOR,2006,0.263541735018879
1087,Norway,NOR,2007,0.2709081417669906
1088,Norway,NOR,2008,0.2699653254894942
1089,Norway,NOR,2009,0.2615836863213344
1090,Norway,NOR,2010,0.2572396667411964
1091,Norway,NOR,2011,0.2530036515892793
1092,Norway,NOR,2012,0.2572626088746469
1093,Norway,NOR,2013,0.2636120326508575
1094,Norway,NOR,2014,0.2675262676238923
1095,Norway,NOR,2015,0.2749689569653887
1096,Norway,NOR,2016,0.2849374554946253
1097,Norway,NOR,2017,0.2698733019714261
1098,Norway,NOR,2018,0.2756086233181647
1099,Norway,NOR,2019,0.2774228333486966
1100,Pakistan,PAK,2001,0.2865302099492094
1101,Pakistan,PAK,2004,0.3088610689880585
1102,Pakistan,PAK,2005,0.3126125379944251
1103,Pakistan,PAK,2007,0.2966950242008341
1104,Pakistan,PAK,2010,0.2878086383231297
1105,Pakistan,PAK,2011,0.2969795699158645
1106,Pakistan,PAK,2013,0.2952857307972768
1107,Pakistan,PAK,2015,0.3129126582255978
1108,Pakistan,PAK,2018,0.2958926559759773
1109,Palestine,PSE,2004,0.3404466053365624
1110,Palestine,PSE,2005,0.3474262428501234
1111,Palestine,PSE,2006,0.3395928280785975
1112,Palestine,PSE,2007,0.3560607731905985
1113,Palestine,PSE,2009,0.3446397462239946
1114,Palestine,PSE,2010,0.3529443247019245
1115,Palestine,PSE,2011,0.3441523749943733
1116,Palestine,PSE,2016,0.3369004051320635
1117,Panama,PAN,2000,0.5663901582580795
1118,Panama,PAN,2001,0.5674528042752471
1119,Panama,PAN,2002,0.5610197557862507
1120,Panama,PAN,2003,0.5566278822928872
1121,Panama,PAN,2004,0.5478012519103067
1122,Panama,PAN,2005,0.5381147030346631
1123,Panama,PAN,2006,0.546454024362735
1124,Panama,PAN,2007,0.5268925913488975
1125,Panama,PAN,2008,0.5269338364776663
1126,Panama,PAN,2009,0.5177117253897582
1127,Panama,PAN,2010,0.5160976183841732
1128,Panama,PAN,2011,0.5134831487183773
1129,Panama,PAN,2012,0.5173995612001872
1130,Panama,PAN,2013,0.5145719500333703
1131,Panama,PAN,2014,0.504668693169575
1132,Panama,PAN,2015,0.5080666314561102
1133,Panama,PAN,2016,0.5040773378206999
1134,Panama,PAN,2017,0.4988850259167593
1135,Panama,PAN,2018,0.4921247336244875
1136,Panama,PAN,2019,0.4983833602790184
1137,Papua New Guinea,PNG,2009,0.4185078829357138
1138,Paraguay,PRY,2001,0.5462930095224803
1139,Paraguay,PRY,2002,0.5727629008419797
1140,Paraguay,PRY,2003,0.5493835232640619
1141,Paraguay,PRY,2004,0.5226281358713497
1142,Paraguay,PRY,2005,0.5138179211117202
1143,Paraguay,PRY,2006,0.5299548862033149
1144,Paraguay,PRY,2007,0.530412062951908
1145,Paraguay,PRY,2008,0.5070475213203498
1146,Paraguay,PRY,2009,0.4914576218119505
1147,Paraguay,PRY,2010,0.5098243768628754
1148,Paraguay,PRY,2011,0.523099315700827
1149,Paraguay,PRY,2012,0.4763356303104287
1150,Paraguay,PRY,2013,0.4793603119212047
1151,Paraguay,PRY,2014,0.5070264499777732
1152,Paraguay,PRY,2015,0.4760590928201872
1153,Paraguay,PRY,2016,0.4789971774503212
1154,Paraguay,PRY,2017,0.4854749285101462
1155,Paraguay,PRY,2018,0.4595510185938907
1156,Paraguay,PRY,2019,0.4565063751375771
1157,Peru,PER,2000,0.4907336327805884
1158,Peru,PER,2001,0.5130633346979149
1159,Peru,PER,2002,0.5356592289403113
1160,Peru,PER,2003,0.5308132749224509
1161,Peru,PER,2004,0.4988085038060464
1162,Peru,PER,2005,0.5045135662734148
1163,Peru,PER,2006,0.5033285748582363
1164,Peru,PER,2007,0.5002204079292047
1165,Peru,PER,2008,0.4748733791288847
1166,Peru,PER,2009,0.4700658072240197
1167,Peru,PER,2010,0.4553792556791382
1168,Peru,PER,2011,0.4466015186455083
1169,Peru,PER,2012,0.444404086702713
1170,Peru,PER,2013,0.4388289662627358
1171,Peru,PER,2014,0.4313922532041939
1172,Peru,PER,2015,0.4335640012823588
1173,Peru,PER,2016,0.4363925620759807
1174,Peru,PER,2017,0.4329279002664619
1175,Peru,PER,2018,0.4238764789835111
1176,Peru,PER,2019,0.4156278463518366
1177,Philippines,PHL,2000,0.4279947242005686
1178,Philippines,PHL,2003,0.4149465784544364
1179,Philippines,PHL,2006,0.428588396076737
1180,Philippines,PHL,2009,0.4176033847577143
1181,Philippines,PHL,2012,0.4222432950474153
1182,Philippines,PHL,2015,0.4035149924050956
1183,Philippines,PHL,2018,0.3781170617851155
1184,Poland,POL,2000,0.3296553694310929
1185,Poland,POL,2001,0.3284902632204435
1186,Poland,POL,2002,0.3405020591770907
1187,Poland,POL,2003,0.3491133370312771
1188,Poland,POL,2004,0.3542606082528734
1189,Poland,POL,2005,0.3449257930325508
1190,Poland,POL,2006,0.3370911610510997
1191,Poland,POL,2007,0.3350893890687124
1192,Poland,POL,2008,0.3371704204205814
1193,Poland,POL,2009,0.3357808903813624
1194,Poland,POL,2010,0.3321883360584667
1195,Poland,POL,2011,0.3277634344074295
1196,Poland,POL,2012,0.3239127715274413
1197,Poland,POL,2013,0.3254952035893118
1198,Poland,POL,2014,0.3208015384598016
1199,Poland,POL,2015,0.3182352887366851
1200,Poland,POL,2016,0.3079634761406324
1201,Poland,POL,2017,0.3029658132299097
1202,Poland,POL,2018,0.3114104860909653
1203,Poland,POL,2019,0.3023947236495212
1204,Portugal,PRT,2003,0.3877535169440105
1205,Portugal,PRT,2004,0.3893883618417201
1206,Portugal,PRT,2005,0.384800724074047
1207,Portugal,PRT,2006,0.3806077986968299
1208,Portugal,PRT,2007,0.3675018319423768
1209,Portugal,PRT,2008,0.3663415096864779
1210,Portugal,PRT,2009,0.349074152093108
1211,Portugal,PRT,2010,0.3584467048370872
1212,Portugal,PRT,2011,0.3634467741802837
1213,Portugal,PRT,2012,0.3603479237580412
1214,Portugal,PRT,2013,0.3618710435868763
1215,Portugal,PRT,2014,0.3556217280605046
1216,Portugal,PRT,2015,0.3552330233489519
1217,Portugal,PRT,2016,0.3519051831355122
1218,Portugal,PRT,2017,0.3380384116138792
1219,Portugal,PRT,2018,0.3349256255753483
1220,Portugal,PRT,2019,0.3276274723608108
1221,Romania,ROU,2000,0.2932386375143516
1222,Romania,ROU,2001,0.2942905880046687
1223,Romania,ROU,2002,0.3022993890663247
1224,Romania,ROU,2003,0.2991128716954949
1225,Romania,ROU,2004,0.3003937206153243
1226,Romania,ROU,2005,0.2981939127574521
1227,Romania,ROU,2006,0.3046429641514524
1228,Romania,ROU,2007,0.3020728975630143
1229,Romania,ROU,2008,0.2958381150128335
1230,Romania,ROU,2009,0.2818934636147026
1231,Romania,ROU,2010,0.2815823775748284
1232,Romania,ROU,2011,0.2721151985334069
1233,Romania,ROU,2012,0.2733423763804716
1234,Romania,ROU,2013,0.274506993151125
1235,Romania,ROU,2014,0.3601153965450384
1236,Romania,ROU,2015,0.3591389061710718
1237,Romania,ROU,2016,0.2834570482756305
1238,Romania,ROU,2017,0.3601682788220033
1239,Romania,ROU,2018,0.2878286630772367
1240,Romania,ROU,2019,0.3480420009767005
1241,Russia,RUS,2000,0.3709282925087551
1242,Russia,RUS,2001,0.3692511493925241
1243,Russia,RUS,2002,0.3728382979310531
1244,Russia,RUS,2003,0.3997157009638441
1245,Russia,RUS,2004,0.4031584216641671
1246,Russia,RUS,2005,0.4126560555606098
1247,Russia,RUS,2006,0.4095095052990708
1248,Russia,RUS,2007,0.4227247301300453
1249,Russia,RUS,2008,0.4156858509258975
1250,Russia,RUS,2009,0.398456008943557
1251,Russia,RUS,2010,0.3954897759829826
1252,Russia,RUS,2011,0.3974931440720012
1253,Russia,RUS,2012,0.4071482692350807
1254,Russia,RUS,2013,0.4088442434925359
1255,Russia,RUS,2014,0.3988122189329656
1256,Russia,RUS,2015,0.3774084155026237
1257,Russia,RUS,2016,0.3684849933580647
1258,Russia,RUS,2017,0.3723907096459149
1259,Russia,RUS,2018,0.3747300623276348
1260,Russia,RUS,2019,0.376914373493935
1261,Rwanda,RWA,2000,0.4854727262685334
1262,Rwanda,RWA,2005,0.5203941415445975
1263,Rwanda,RWA,2010,0.4722241391022059
1264,Rwanda,RWA,2013,0.4511283185925631
1265,Rwanda,RWA,2016,0.4371004775710727
1266,Saint Lucia,LCA,2016,0.5123330781386317
1267,Samoa,WSM,2002,0.4073551967869282
1268,Samoa,WSM,2008,0.4204654858949942
1269,Samoa,WSM,2013,0.3873180976093429
1270,Sao Tome and Principe,STP,2000,0.3212589349646021
1271,Sao Tome and Principe,STP,2010,0.3082126903380406
1272,Sao Tome and Principe,STP,2017,0.407495920046912
1273,Senegal,SEN,2001,0.4122943555680159
1274,Senegal,SEN,2005,0.3922228187854657
1275,Senegal,SEN,2011,0.4028522509477502
1276,Senegal,SEN,2018,0.3812247243714417
1277,Serbia,SRB,2002,0.327437534145417
1278,Serbia,SRB,2003,0.3282897702973938
1279,Serbia,SRB,2004,0.3547364958589841
1280,Serbia,SRB,2005,0.3646042331619999
1281,Serbia,SRB,2006,0.2972947896859017
1282,Serbia,SRB,2007,0.2870669932974049
1283,Serbia,SRB,2008,0.2756142113766773
1284,Serbia,SRB,2009,0.2797414927715403
1285,Serbia,SRB,2010,0.2901660527125218
1286,Serbia,SRB,2012,0.3992465865803568
1287,Serbia,SRB,2013,0.2901711378407903
1288,Serbia,SRB,2014,0.4049414497713778
1289,Serbia,SRB,2015,0.2851573608617739
1290,Serbia,SRB,2016,0.3883249686323299
1291,Serbia,SRB,2017,0.3615189693594668
1292,Serbia,SRB,2018,0.3035105750536732
1293,Serbia,SRB,2019,0.2895324609279349
1294,Seychelles,SYC,2006,0.4276761658445019
1295,Seychelles,SYC,2013,0.468227879082179
1296,Seychelles,SYC,2018,0.3212531971098882
1297,Sierra Leone,SLE,2003,0.4016773200047254
1298,Sierra Leone,SLE,2011,0.3403023931617639
1299,Sierra Leone,SLE,2018,0.3569017755923102
1300,Slovakia,SVK,2004,0.2893738847445318
1301,Slovakia,SVK,2005,0.2983442504089322
1302,Slovakia,SVK,2006,0.2770951018627499
1303,Slovakia,SVK,2007,0.2800483364421787
1304,Slovakia,SVK,2008,0.2687439580885755
1305,Slovakia,SVK,2009,0.2601609669790193
1306,Slovakia,SVK,2010,0.2731571993554627
1307,Slovakia,SVK,2011,0.2653837833459054
1308,Slovakia,SVK,2012,0.2611629567378295
1309,Slovakia,SVK,2013,0.2808620880814292
1310,Slovakia,SVK,2014,0.2610663498222747
1311,Slovakia,SVK,2015,0.2649165693807379
1312,Slovakia,SVK,2016,0.251677466813976
1313,Slovakia,SVK,2017,0.232377509533761
1314,Slovakia,SVK,2018,0.2497014747752156
1315,Slovakia,SVK,2019,0.2323232449754634
1316,Slovenia,SVN,2002,0.2912161062763577
1317,Slovenia,SVN,2003,0.3086602284751248
1318,Slovenia,SVN,2004,0.2479073844829588
1319,Slovenia,SVN,2005,0.2463486319363991
1320,Slovenia,SVN,2006,0.2436392681606721
1321,Slovenia,SVN,2007,0.2435475319189814
1322,Slovenia,SVN,2008,0.2371801896351163
1323,Slovenia,SVN,2009,0.2478773525866067
1324,Slovenia,SVN,2010,0.2493325952981788
1325,Slovenia,SVN,2011,0.2486803368145232
1326,Slovenia,SVN,2012,0.2558550226177477
1327,Slovenia,SVN,2013,0.2624110437602677
1328,Slovenia,SVN,2014,0.2565753466099901
1329,Slovenia,SVN,2015,0.2540846455145271
1330,Slovenia,SVN,2016,0.24757935942121
1331,Slovenia,SVN,2017,0.2421930734814624
1332,Slovenia,SVN,2018,0.2463336450390815
1333,Slovenia,SVN,2019,0.243842324377418
1334,Solomon Islands,SLB,2005,0.4609685211542708
1335,Solomon Islands,SLB,2012,0.3705492697316315
1336,Somalia,SOM,2017,0.3682240512362978
1337,South Africa,ZAF,2000,0.5776966176070735
1338,South Africa,ZAF,2005,0.6476248863080387
1339,South Africa,ZAF,2008,0.6300899730435641
1340,South Africa,ZAF,2010,0.6338318797190594
1341,South Africa,ZAF,2014,0.6302607272842363
1342,South Korea,KOR,2006,0.3170298418649911
1343,South Korea,KOR,2008,0.3232483259237093
1344,South Korea,KOR,2010,0.3202122456334625
1345,South Korea,KOR,2012,0.315580516616974
1346,South Korea,KOR,2014,0.3119290458117106
1347,South Korea,KOR,2016,0.3140485646808573
1348,South Sudan,SSD,2009,0.4634066069033974
1349,South Sudan,SSD,2016,0.4414412815221023
1350,Spain,ESP,2000,0.3425104550176747
1351,Spain,ESP,2003,0.3180466497223043
1352,Spain,ESP,2004,0.3330529238375525
1353,Spain,ESP,2005,0.3243563868729888
1354,Spain,ESP,2006,0.3354522649419021
1355,Spain,ESP,2007,0.3413883399203714
1356,Spain,ESP,2008,0.3422157251835024
1357,Spain,ESP,2009,0.3492612562751039
1358,Spain,ESP,2010,0.3524683705170984
1359,Spain,ESP,2011,0.3569860433175269
1360,Spain,ESP,2012,0.3540633036321468
1361,Spain,ESP,2013,0.3618516715223187
1362,Spain,ESP,2014,0.3605441354992985
1363,Spain,ESP,2015,0.3618141917496763
1364,Spain,ESP,2016,0.3575989420946041
1365,Spain,ESP,2017,0.3465454688035377
1366,Spain,ESP,2018,0.3471894730060089
1367,Spain,ESP,2019,0.3430583682060837
1368,Sri Lanka,LKA,2002,0.4017190631555385
1369,Sri Lanka,LKA,2006,0.3966901941283061
1370,Sri Lanka,LKA,2009,0.3605415245038914
1371,Sri Lanka,LKA,2012,0.3871360847673564
1372,Sri Lanka,LKA,2016,0.3934577335702165
1373,Sudan,SDN,2009,0.3539533699120034
1374,Sudan,SDN,2014,0.3424319710758947
1375,Sweden,SWE,2000,0.2723644183848696
1376,Sweden,SWE,2003,0.2526974636472313
1377,Sweden,SWE,2004,0.261421743703189
1378,Sweden,SWE,2005,0.2682567589432998
1379,Sweden,SWE,2006,0.2635249277764486
1380,Sweden,SWE,2007,0.2711610523548812
1381,Sweden,SWE,2008,0.2812133563553238
1382,Sweden,SWE,2009,0.2734146969462609
1383,Sweden,SWE,2010,0.2773816077441871
1384,Sweden,SWE,2011,0.2760662244844291
1385,Sweden,SWE,2012,0.2764537942301525
1386,Sweden,SWE,2013,0.2882522062893209
1387,Sweden,SWE,2014,0.2838972273945099
1388,Sweden,SWE,2015,0.2921019079394952
1389,Sweden,SWE,2016,0.2956217445103507
1390,Sweden,SWE,2017,0.2877460335084787
1391,Sweden,SWE,2018,0.2997418872901206
1392,Sweden,SWE,2019,0.2930557488143821
1393,Switzerland,CHE,2000,0.3343105516428951
1394,Switzerland,CHE,2002,0.3168673135155866
1395,Switzerland,CHE,2006,0.3391880770536449
1396,Switzerland,CHE,2007,0.3425553477215742
1397,Switzerland,CHE,2008,0.3379469993554607
1398,Switzerland,CHE,2009,0.3285585629562867
1399,Switzerland,CHE,2010,0.3255303043163378
1400,Switzerland,CHE,2011,0.3171361852725853
1401,Switzerland,CHE,2012,0.315671265122233
1402,Switzerland,CHE,2013,0.3246218725588848
1403,Switzerland,CHE,2014,0.325256587142953
1404,Switzerland,CHE,2015,0.3230695715732447
1405,Switzerland,CHE,2016,0.3304245095832954
1406,Switzerland,CHE,2017,0.3267633398191087
1407,Switzerland,CHE,2018,0.3314105099791198
1408,Syria,SYR,2003,0.3751460320008767
1409,Taiwan,TWN,2000,0.3111147642819535
1410,Taiwan,TWN,2005,0.3217958497927745
1411,Taiwan,TWN,2007,0.3212456807204418
1412,Taiwan,TWN,2010,0.332133256866174
1413,Taiwan,TWN,2013,0.3248738519798141
1414,Taiwan,TWN,2016,0.3148271564455893
1415,Tajikistan,TJK,2003,0.3272269296189066
1416,Tajikistan,TJK,2004,0.336019493375592
1417,Tajikistan,TJK,2007,0.3219161435243549
1418,Tajikistan,TJK,2009,0.3077495443803508
1419,Tajikistan,TJK,2015,0.3399571811927981
1420,Tanzania,TZA,2000,0.373011277500434
1421,Tanzania,TZA,2007,0.4027909686586264
1422,Tanzania,TZA,2011,0.3778314946114351
1423,Tanzania,TZA,2018,0.404912299517734
1424,Thailand,THA,2000,0.4283366783404214
1425,Thailand,THA,2002,0.4194449593262794
1426,Thailand,THA,2004,0.4254031264032826
1427,Thailand,THA,2006,0.4181903387576552
1428,Thailand,THA,2007,0.3976151643249218
1429,Thailand,THA,2008,0.4028827392424196
1430,Thailand,THA,2009,0.3960126382507482
1431,Thailand,THA,2010,0.394027714251103
1432,Thailand,THA,2011,0.3745903339996365
1433,Thailand,THA,2012,0.3925666918030284
1434,Thailand,THA,2013,0.378471081713842
1435,Thailand,THA,2014,0.3703266404572573
1436,Thailand,THA,2015,0.3598733274727441
1437,Thailand,THA,2016,0.3689062793540487
1438,Thailand,THA,2017,0.365287549604085
1439,Thailand,THA,2018,0.3641217335828974
1440,Thailand,THA,2019,0.3485572199931106
1441,Timor,TLS,2001,0.3593529222877291
1442,Timor,TLS,2007,0.2782331599000893
1443,Timor,TLS,2014,0.2865292638048232
1444,Togo,TGO,2006,0.4221257523333056
1445,Togo,TGO,2011,0.4602058197214784
1446,Togo,TGO,2015,0.430561394127911
1447,Togo,TGO,2018,0.423522255447358
1448,Tonga,TON,2000,0.3769017598485278
1449,Tonga,TON,2009,0.3749648784302013
1450,Tonga,TON,2015,0.3758743920849295
1451,Tunisia,TUN,2000,0.4080947817045137
1452,Tunisia,TUN,2005,0.3773338246820258
1453,Tunisia,TUN,2010,0.3580825613937093
1454,Tunisia,TUN,2015,0.3281588249697603
1455,Turkey,TUR,2002,0.4139637781719506
1456,Turkey,TUR,2003,0.4218433812102367
1457,Turkey,TUR,2004,0.4128750800000053
1458,Turkey,TUR,2005,0.426146562963156
1459,Turkey,TUR,2006,0.3964741265648979
1460,Turkey,TUR,2007,0.3844279897101714
1461,Turkey,TUR,2008,0.3902053996948603
1462,Turkey,TUR,2009,0.3896530913893944
1463,Turkey,TUR,2010,0.3878508030864183
1464,Turkey,TUR,2011,0.4003935479036744
1465,Turkey,TUR,2012,0.4016893689079056
1466,Turkey,TUR,2013,0.4017849788951964
1467,Turkey,TUR,2014,0.4123656292092433
1468,Turkey,TUR,2015,0.4285445765747806
1469,Turkey,TUR,2016,0.4187370477103133
1470,Turkey,TUR,2017,0.4140566673668888
1471,Turkey,TUR,2018,0.418775203427554
1472,Turkey,TUR,2019,0.4190910867806379
1473,Tuvalu,TUV,2010,0.3913903338155151
1474,Uganda,UGA,2002,0.4517232583789924
1475,Uganda,UGA,2005,0.4294473991779307
1476,Uganda,UGA,2009,0.44195559305551
1477,Uganda,UGA,2012,0.4100996667026967
1478,Uganda,UGA,2016,0.4275369263085522
1479,Uganda,UGA,2019,0.4270545381163759
1480,Ukraine,UKR,2002,0.2904569549633073
1481,Ukraine,UKR,2003,0.2866489363144985
1482,Ukraine,UKR,2004,0.2893401644071928
1483,Ukraine,UKR,2005,0.2902071358338617
1484,Ukraine,UKR,2006,0.2979439228788761
1485,Ukraine,UKR,2007,0.2701268645092795
1486,Ukraine,UKR,2008,0.2663823016482355
1487,Ukraine,UKR,2009,0.2531666367109809
1488,Ukraine,UKR,2010,0.2481897558570851
1489,Ukraine,UKR,2011,0.2455184384758181
1490,Ukraine,UKR,2012,0.2474065688785256
1491,Ukraine,UKR,2013,0.2455498554343049
1492,Ukraine,UKR,2014,0.240253659066731
1493,Ukraine,UKR,2015,0.2545754032542647
1494,Ukraine,UKR,2016,0.2500220300102461
1495,Ukraine,UKR,2017,0.2604904909096703
1496,Ukraine,UKR,2018,0.2607148570748784
1497,Ukraine,UKR,2019,0.2661946628806806
1498,United Arab Emirates,ARE,2013,0.325104208912459
1499,United Kingdom,GBR,2000,0.3961013491875036
1500,United Kingdom,GBR,2001,0.3790337092919997
1501,United Kingdom,GBR,2002,0.3571945818749167
1502,United Kingdom,GBR,2003,0.3550405422217986
1503,United Kingdom,GBR,2004,0.360015021680326
1504,United Kingdom,GBR,2005,0.3427326706732752
1505,United Kingdom,GBR,2006,0.3460893714125858
1506,United Kingdom,GBR,2007,0.3569761240088487
1507,United Kingdom,GBR,2008,0.3414246721224758
1508,United Kingdom,GBR,2009,0.3426995284572202
1509,United Kingdom,GBR,2010,0.3438993366694147
1510,United Kingdom,GBR,2011,0.3316524521135302
1511,United Kingdom,GBR,2012,0.3234509715110732
1512,United Kingdom,GBR,2013,0.3320897320953346
1513,United Kingdom,GBR,2014,0.3404892654101576
1514,United Kingdom,GBR,2015,0.332350807771568
1515,United Kingdom,GBR,2016,0.3477961481368022
1516,United Kingdom,GBR,2017,0.3514883070472959
1517,United States,USA,2000,0.4014068509559928
1518,United States,USA,2001,0.405967813015161
1519,United States,USA,2002,0.4035444629434347
1520,United States,USA,2003,0.407725912185137
1521,United States,USA,2004,0.4025335389437157
1522,United States,USA,2005,0.4096536955194142
1523,United States,USA,2006,0.4139857598883322
1524,United States,USA,2007,0.4079856738565692
1525,United States,USA,2008,0.4081219270810414
1526,United States,USA,2009,0.4061081361643419
1527,United States,USA,2010,0.4001071302483324
1528,United States,USA,2011,0.4093711251638832
1529,United States,USA,2012,0.4093686137107664
1530,United States,USA,2013,0.4065201194217036
1531,United States,USA,2014,0.4151160601594921
1532,United States,USA,2015,0.4123877761737015
1533,United States,USA,2016,0.41121885984715
1534,United States,USA,2017,0.4118055869829951
1535,United States,USA,2018,0.41407843639923
1536,United States,USA,2019,0.4153556687464651
1537,Uruguay,URY,2006,0.459415901933994
1538,Uruguay,URY,2007,0.464051328125742
1539,Uruguay,URY,2008,0.4508177986924141
1540,Uruguay,URY,2009,0.4554168166082923
1541,Uruguay,URY,2010,0.4447501635216661
1542,Uruguay,URY,2011,0.4217531761728572
1543,Uruguay,URY,2012,0.3990057247243364
1544,Uruguay,URY,2013,0.4045091104485787
1545,Uruguay,URY,2014,0.4011108260530498
1546,Uruguay,URY,2015,0.4012876988874805
1547,Uruguay,URY,2016,0.3969550032071919
1548,Uruguay,URY,2017,0.3946453123452029
1549,Uruguay,URY,2018,0.3968723978027348
1550,Uruguay,URY,2019,0.3967654504663943
1551,Uruguay - urban,,2000,0.4290560403366701
1552,Uruguay - urban,,2001,0.4500768431916102
1553,Uruguay - urban,,2002,0.4554437539554081
1554,Uruguay - urban,,2003,0.45033832444377
1555,Uruguay - urban,,2004,0.4588115491144751
1556,Uruguay - urban,,2005,0.4472780230080433
1557,Uzbekistan,UZB,2000,0.3610281422845951
1558,Uzbekistan,UZB,2002,0.3304368094327122
1559,Uzbekistan,UZB,2003,0.3526879727074722
1560,Vanuatu,VUT,2010,0.3735129824939555
1561,Vanuatu,VUT,2019,0.3231757475757547
1562,Venezuela,VEN,2001,0.4723142128671435
1563,Venezuela,VEN,2002,0.4901341403345185
1564,Venezuela,VEN,2003,0.4810232045562231
1565,Venezuela,VEN,2004,0.4750412488890118
1566,Venezuela,VEN,2005,0.4945917706284364
1567,Venezuela,VEN,2006,0.4477049832090081
1568,Vietnam,VNM,2002,0.3702962423899708
1569,Vietnam,VNM,2004,0.3678583066648797
1570,Vietnam,VNM,2006,0.3578861558244515
1571,Vietnam,VNM,2008,0.355703125332213
1572,Vietnam,VNM,2010,0.392527247820533
1573,Vietnam,VNM,2012,0.3564588639173441
1574,Vietnam,VNM,2014,0.3475537549653076
1575,Vietnam,VNM,2016,0.352667388835896
1576,Vietnam,VNM,2018,0.3571554605834283
1577,Yemen,YEM,2005,0.3473233432870136
1578,Yemen,YEM,2014,0.3670709434270192
1579,Zambia,ZMB,2002,0.4206192611187201
1580,Zambia,ZMB,2004,0.5429478133845274
1581,Zambia,ZMB,2006,0.5461750531170209
1582,Zambia,ZMB,2010,0.5562149115337796
1583,Zambia,ZMB,2015,0.5713605842336404
1584,Zimbabwe,ZWE,2011,0.4315357508988643
1585,Zimbabwe,ZWE,2017,0.4433708207555918
1586,Zimbabwe,ZWE,2019,0.5025645104555668
